"Name","Fpts","Position","Team","Opponent","Minutes","Salary","Pts/$","Value"
"Nikola Jokic","66.05","C","DEN","PHX","36.1","12,000","5.50","6.05"
"Luka Doncic","57.19","PG","DAL","POR","33.1","11,500","4.97","-0.31"
"Anthony Davis","56.72","C","LAL","DET","35.2","10,500","5.40","4.22"
"Joel Embiid","53.18","C","PHI","SAS","32.7","9,600","5.54","5.18"
"Victor Wembanyama","51.88","C","SAS","PHI","33.3","11,000","4.72","-3.12"
"Karl-Anthony Towns","51.72","C","NYK","TOR","33.9","10,200","5.07","0.72"
"Shai Gilgeous-Alexander","51.36","PG","OKC","WAS","30.6","10,100","5.09","0.86"
"LaMelo Ball","50.56","PG","CHA","HOU","34.1","9,800","5.16","1.56"
"Kevin Durant","50.15","PF/C","PHX","DEN","36.6","9,400","5.33","3.15"
"James Harden","48.34","PG","LAC","MEM","33.8","9,200","5.25","2.34"
"Cade Cunningham","47.98","PG","DET","LAL","35.5","10,000","4.80","-2.02"
"Jayson Tatum","47.55","SF/PF","BOS","ORL","35.7","10,500","4.53","-4.95"
"LeBron James","46.87","PF","LAL","DET","33.3","9,500","4.93","-0.63"
"Trae Young","46.62","PG","ATL","MIN","36.0","9,400","4.96","-0.38"
"Anthony Edwards","45.77","PG/SG","MIN","ATL","35.8","8,700","5.26","2.27"
"Alperen Sengun","45.69","C","HOU","CHA","32.6","8,900","5.13","1.19"
"Bobby Portis","44.31","PF/C","MIL","CHI","31.9","6,300","7.03","12.81"
"Scottie Barnes","44.16","PG/SF","TOR","NYK","33.4","9,100","4.85","-1.34"
"Stephen Curry","43.88","PG","GSW","IND","32.2","9,000","4.88","-1.12"
"Bam Adebayo","43.75","C","MIA","BKN","34.2","8,100","5.40","3.25"
"Jalen Williams","42.28","PF","OKC","WAS","29.8","8,100","5.22","1.78"
"Donovan Mitchell","42.22","PG/SG","CLE","UTA","31.7","8,400","5.03","0.22"
"Ja Morant","42.09","PG","MEM","LAC","30.2","8,800","4.78","-1.91"
"Tyler Herro","42.02","PG/SG","MIA","BKN","36.7","7,400","5.68","5.02"
"Jalen Brunson","41.81","PG","NYK","TOR","33.0","8,300","5.04","0.31"
"Jalen Johnson","41.71","PF","ATL","MIN","36.0","9,000","4.63","-3.29"
"Nikola Vucevic","41.22","C","CHI","MIL","32.0","8,300","4.97","-0.28"
"Tyrese Haliburton","39.91","PG","IND","GSW","34.8","8,200","4.87","-1.09"
"Tyrese Maxey","39.60","PG","PHI","SAS","37.7","8,600","4.60","-3.40"
"Russell Westbrook","38.97","PG","DEN","PHX","32.3","6,000","6.50","8.97"
"Evan Mobley","38.47","PF/C","CLE","UTA","30.3","7,600","5.06","0.47"
"Pascal Siakam","37.82","PF","IND","GSW","33.8","7,700","4.91","-0.68"
"Isaiah Hartenstein","37.69","C","OKC","WAS","27.8","7,100","5.31","2.19"
"Ivica Zubac","37.61","C","LAC","MEM","32.4","7,300","5.15","1.11"
"Zach LaVine","37.50","SG/SF","CHI","MIL","33.5","7,300","5.14","1.00"
"RJ Barrett","37.41","PG/SF","TOR","NYK","33.4","8,900","4.20","-7.09"
"Jalen Suggs","37.07","PG","ORL","BOS","31.7","7,600","4.88","-0.93"
"Kyrie Irving","37.01","PG/SG","DAL","POR","32.2","8,500","4.35","-5.49"
"Julius Randle","36.82","PF/C","MIN","ATL","32.3","7,300","5.04","0.32"
"Lauri Markkanen","36.36","SF/PF","UTA","CLE","31.0","6,700","5.43","2.86"
"Jaylen Brown","36.04","SG/SF","BOS","ORL","34.3","8,000","4.50","-3.96"
"Paul George","35.45","SF/PF","PHI","SAS","33.7","8,200","4.32","-5.55"
"Jordan Poole","35.40","PG/SG","WAS","OKC","29.7","7,500","4.72","-2.10"
"Darius Garland","35.38","PG","CLE","UTA","30.7","7,100","4.98","-0.12"
"Bradley Beal","35.24","SG/SF","PHX","DEN","34.7","7,400","4.76","-1.76"
"Norman Powell","35.17","SG/SF","LAC","MEM","34.3","7,000","5.02","0.17"
"Cameron Johnson","34.91","SF/PF","BKN","MIA","35.7","7,400","4.72","-2.09"
"Jaren Jackson Jr.","34.91","PF/C","MEM","LAC","28.6","7,200","4.85","-1.09"
"Josh Hart","34.15","SF/PF","NYK","TOR","34.8","7,000","4.88","-0.85"
"Austin Reaves","33.91","PG/SG","LAL","DET","34.3","5,900","5.75","4.41"
"Kristaps Porzingis","33.79","C","BOS","ORL","28.9","7,500","4.51","-3.71"
"Khris Middleton","33.70","SG/SF","MIL","CHI","24.0","6,000","5.62","3.70"
"Fred VanVleet","33.66","PG","HOU","CHA","34.5","6,900","4.88","-0.84"
"Coby White","33.59","PG/SG","CHI","MIL","34.1","6,100","5.51","3.09"
"Rudy Gobert","33.59","C","MIN","ATL","34.8","6,600","5.09","0.59"
"Jalen Green","33.02","SG","HOU","CHA","33.5","6,400","5.16","1.02"
"Goga Bitadze","32.80","C","ORL","BOS","27.8","6,400","5.12","0.80"
"Amen Thompson","32.45","SG/SF","HOU","CHA","31.6","5,800","5.59","3.45"
"Brook Lopez","32.33","C","MIL","CHI","31.9","5,500","5.88","4.83"
"Dyson Daniels","32.26","PG/SG","ATL","MIN","34.0","6,700","4.81","-1.24"
"Walker Kessler","32.06","C","UTA","CLE","29.1","6,100","5.26","1.56"
"Anfernee Simons","31.87","PG","POR","DAL","32.2","6,500","4.90","-0.63"
"Michael Porter Jr.","31.68","SF/PF","DEN","PHX","32.3","6,500","4.87","-0.82"
"Miles Bridges","31.63","PF","CHA","HOU","31.1","6,800","4.65","-2.37"
"Desmond Bane","31.44","SG/SF","MEM","LAC","29.2","7,100","4.43","-4.06"
"Jarrett Allen","31.41","C","CLE","UTA","29.3","6,200","5.07","0.41"
"Deandre Ayton","31.02","C","POR","DAL","29.4","6,500","4.77","-1.48"
"Myles Turner","30.99","C","IND","GSW","29.5","6,400","4.84","-1.01"
"Aaron Gordon","30.98","PF","DEN","PHX","29.8","6,100","5.08","0.48"
"Jeremy Sochan","30.75","PF","SAS","PHI","30.8","6,400","4.81","-1.25"
"Jonas Valanciunas","30.37","C","WAS","OKC","23.7","4,500","6.75","7.87"
"Derrick White","30.14","PG/SG","BOS","ORL","33.3","6,600","4.57","-2.86"
"Ben Simmons","30.01","PG","BKN","MIA","30.3","5,900","5.09","0.51"
"Tyus Jones","30.01","PG","PHX","DEN","31.6","5,600","5.36","2.01"
"Ayo Dosunmu","29.97","PG/SG","CHI","MIL","34.6","6,300","4.76","-1.53"
"Jusuf Nurkic","29.89","C","PHX","DEN","26.8","6,000","4.98","-0.11"
"Mikal Bridges","29.85","SG/SF","NYK","TOR","36.8","6,200","4.81","-1.15"
"OG Anunoby","29.56","SF/PF","NYK","TOR","33.9","6,100","4.85","-0.94"
"Nic Claxton","29.54","C","BKN","MIA","26.8","5,700","5.18","1.04"
"Clint Capela","29.31","C","ATL","MIN","25.0","5,400","5.43","2.31"
"Jalen Duren","29.18","C","DET","LAL","28.2","5,700","5.12","0.68"
"Collin Sexton","29.07","PG/SG","UTA","CLE","28.5","5,500","5.29","1.57"
"PJ Washington","29.00","PF","DAL","POR","32.0","6,600","4.39","-4.00"
"Jaden Ivey","28.96","PG/SG","DET","LAL","28.6","6,600","4.39","-4.04"
"Draymond Green","28.95","PF/C","GSW","IND","27.4","6,300","4.60","-2.55"
"Royce O'neale","28.48","SF/PF","PHX","DEN","30.7","5,200","5.48","2.48"
"Andrew Wiggins","28.40","SF/PF","GSW","IND","28.4","6,200","4.58","-2.60"
"Rui Hachimura","28.17","SF/PF","LAL","DET","34.8","5,400","5.22","1.17"
"Chris Paul","28.05","PG","SAS","PHI","28.3","6,000","4.68","-1.95"
"Devin Vassell","28.01","SG/SF","SAS","PHI","28.8","5,400","5.19","1.01"
"Jaime Jaquez Jr.","27.98","SF/PF","MIA","BKN","30.3","3,800","7.36","8.98"
"Dereck Lively II","27.88","C","DAL","POR","25.7","5,800","4.81","-1.12"
"Dennis Schroder","27.76","PG/SG","GSW","IND","27.4","5,500","5.05","0.26"
"De'Andre Hunter","27.39","SF/PF","ATL","MIN","29.0","6,000","4.57","-2.61"
"Bennedict Mathurin","27.17","SG/SF","IND","GSW","31.4","6,700","4.06","-6.33"
"Justin Champagnie","26.80","SF/PF","WAS","OKC","27.7","5,500","4.87","-0.70"
"Ryan Rollins","26.27","PG","MIL","CHI","26.9","3,500","7.51","8.77"
"Jordan Clarkson","26.26","SG","UTA","CLE","25.4","5,300","4.96","-0.24"
"Tobias Harris","26.20","PF","DET","LAL","30.6","5,500","4.76","-1.30"
"Malcolm Brogdon","26.14","PG/SG","WAS","OKC","26.1","5,000","5.23","1.14"
"Jerami Grant","26.05","PF","POR","DAL","30.4","5,700","4.57","-2.45"
"Shaedon Sharpe","26.03","PG/SG","POR","DAL","29.4","5,700","4.57","-2.47"
"Jabari Smith Jr.","25.90","PF/C","HOU","CHA","34.0","5,500","4.71","-1.60"
"Zach Edey","25.84","C","MEM","LAC","22.7","4,800","5.38","1.84"
"Santi Aldama","25.82","PF","MEM","LAC","24.8","5,300","4.87","-0.68"
"Kelly Oubre Jr.","25.51","SG","PHI","SAS","33.8","6,100","4.18","-4.99"
"T.J. McConnell","25.37","PG","IND","GSW","21.2","4,900","5.18","0.87"
"Deni Avdija","25.22","SF/PF","POR","DAL","23.9","5,300","4.76","-1.28"
"Mike Conley","24.99","PG","MIN","ATL","25.9","4,700","5.32","1.49"
"Naz Reid","24.97","PF/C","MIN","ATL","23.9","4,400","5.67","2.97"
"Jonathan Kuminga","24.95","PF","GSW","IND","24.0","5,800","4.30","-4.05"
"Christian Braun","24.78","SG/SF","DEN","PHX","32.3","5,100","4.86","-0.72"
"Payton Pritchard","24.73","PG/SG","BOS","ORL","28.0","5,800","4.26","-4.27"
"Kevin Porter Jr.","24.64","PG","LAC","MEM","23.1","4,600","5.36","1.64"
"Noah Clowney","24.20","PF/C","BKN","MIA","26.8","4,500","5.38","1.70"
"Gradey Dick","23.88","SG","TOR","NYK","31.5","5,900","4.05","-5.62"
"Jaden McDaniels","23.71","SF","MIN","ATL","31.9","4,500","5.27","1.21"
"Malik Beasley","23.51","SG/SF","DET","LAL","26.6","5,300","4.44","-2.99"
"Caris LeVert","23.40","PG/SG","CLE","UTA","24.5","5,300","4.42","-3.10"
"Jonathan Mogbo","23.35","PF/C","TOR","NYK","27.6","5,000","4.67","-1.65"
"Mark Williams","23.25","C","CHA","HOU","21.1","4,900","4.74","-1.25"
"Daniel Gafford","22.83","C","DAL","POR","18.3","4,300","5.31","1.33"
"Kelly Olynyk","22.80","C","TOR","NYK","19.8","5,300","4.30","-3.70"
"Klay Thompson","22.52","SG/SF","DAL","POR","25.3","5,600","4.02","-5.48"
"Cole Anthony","22.50","PG/SG","ORL","BOS","19.3","4,700","4.79","-1.00"
"Ochai Agbaji","22.30","PF","TOR","NYK","30.5","5,200","4.29","-3.70"
"Donte DiVincenzo","22.23","PG/SG","MIN","ATL","23.9","4,100","5.42","1.73"
"Jrue Holiday","22.18","PG","BOS","ORL","28.9","5,100","4.35","-3.32"
"Luguentz Dort","22.11","SG/SF","OKC","WAS","26.6","4,600","4.81","-0.89"
"Dru Smith","22.03","PG","MIA","BKN","26.3","4,200","5.25","1.03"
"Duncan Robinson","21.91","SG","MIA","BKN","25.8","4,100","5.34","1.41"
"Kentavious Caldwell-Pope","21.91","SG","ORL","BOS","32.7","4,500","4.87","-0.59"
"Gary Trent Jr.","21.84","SG/SF","MIL","CHI","28.9","4,100","5.33","1.34"
"Andrew Nembhard","21.79","PG/SG","IND","GSW","27.5","4,800","4.54","-2.21"
"Obi Toppin","21.75","PF/C","IND","GSW","21.2","4,700","4.63","-1.75"
"D'Angelo Russell","21.75","PG","LAL","DET","22.6","5,400","4.03","-5.25"
"AJ Green","21.69","PG/SG","MIL","CHI","28.9","4,300","5.04","0.19"
"Kris Dunn","21.56","PG/SG","LAC","MEM","25.5","4,000","5.39","1.56"
"Cody Martin","21.44","SG/SF","CHA","HOU","26.6","5,200","4.12","-4.56"
"Tristan da Silva","21.02","SF/PF","ORL","BOS","27.7","4,200","5.01","0.02"
"Toumani Camara","20.81","SG/SF","POR","DAL","28.5","4,900","4.25","-3.69"
"Larry Nance Jr.","20.75","PF/C","ATL","MIN","23.0","4,500","4.61","-1.75"
"Trayce Jackson-Davis","20.72","C","GSW","IND","19.1","3,900","5.31","1.22"
"Cason Wallace","20.70","PG/SG","OKC","WAS","26.4","4,200","4.93","-0.30"
"Zaccharie Risacher","20.61","SF","ATL","MIN","22.9","3,600","5.73","2.61"
"Anthony Black","20.60","PG/SG","ORL","BOS","22.9","4,800","4.29","-3.40"
"Carlton Carrington","20.60","PG/SG","WAS","OKC","27.8","5,200","3.96","-5.40"
"Keon Johnson","20.44","PG/SG","BKN","MIA","26.3","4,100","4.99","-0.06"
"Buddy Hield","20.28","SG","GSW","IND","21.6","4,600","4.41","-2.72"
"Day'Ron Sharpe","20.23","C","BKN","MIA","17.8","3,900","5.19","0.73"
"Scotty Pippen Jr.","20.14","PG","MEM","LAC","19.7","5,600","3.60","-7.86"
"Al Horford","19.91","PF/C","BOS","ORL","25.5","4,600","4.33","-3.09"
"Wendell Carter Jr.","19.88","PF/C","ORL","BOS","21.9","4,800","4.14","-4.12"
"Patrick Williams","19.86","PF","CHI","MIL","22.5","4,200","4.73","-1.14"
"Scoot Henderson","19.86","PG","POR","DAL","21.9","4,400","4.51","-2.14"
"Shake Milton","19.70","PG/SG","BKN","MIA","24.9","4,300","4.58","-1.80"
"Keldon Johnson","19.48","SF/PF","SAS","PHI","22.9","4,200","4.64","-1.52"
"Jalen Smith","19.17","C","CHI","MIL","16.0","3,800","5.05","0.17"
"Brandon Clarke","19.00","PF/C","MEM","LAC","20.8","4,000","4.75","-1.00"
"Jonathan Isaac","18.94","PF/C","ORL","BOS","17.3","3,500","5.41","1.44"
"Nick Richards","18.78","C","CHA","HOU","18.0","5,200","3.61","-7.22"
"Taurean Prince","18.74","SF/PF","MIL","CHI","24.0","3,900","4.81","-0.76"
"Talen Horton-Tucker","18.69","SF","CHI","MIL","18.0","3,800","4.92","-0.31"
"Jake LaRavia","18.40","SF/PF","MEM","LAC","22.4","4,300","4.28","-3.10"
"Nickeil Alexander-Walker","18.37","SG/SF","MIN","ATL","22.9","3,700","4.97","-0.13"
"Corey Kispert","18.26","SG/SF","WAS","OKC","24.7","4,200","4.35","-2.74"
"Miles McBride","18.19","PG/SG","NYK","TOR","22.9","3,800","4.79","-0.81"
"Alex Caruso","18.14","SG/SF","OKC","WAS","19.0","4,000","4.53","-1.86"
"Caleb Martin","18.11","SF/PF","PHI","SAS","26.9","4,100","4.42","-2.39"
"Kevon Looney","18.04","C","GSW","IND","17.1","3,800","4.75","-0.96"
"Kyshawn George","17.94","SF/PF","WAS","OKC","25.1","3,300","5.44","1.44"
"Jalen Wilson","17.77","SF","BKN","MIA","24.4","4,600","3.86","-5.23"
"Kyle Filipowski","17.54","PF/C","UTA","CLE","18.0","3,000","5.85","2.54"
"Micah Potter","17.43","PF/C","UTA","CLE","22.5","3,000","5.81","2.43"
"Andre Jackson Jr.","17.41","SG/SF","MIL","CHI","21.9","3,600","4.84","-0.59"
"Derrick Jones Jr.","17.39","PF","LAC","MEM","22.6","3,600","4.83","-0.61"
"Jaylen Wells","17.34","SG/SF","MEM","LAC","22.8","3,900","4.44","-2.16"
"Ty Jerome","17.11","PG","CLE","UTA","16.9","3,900","4.39","-2.39"
"Precious Achiuwa","17.07","PF/C","NYK","TOR","16.7","3,500","4.88","-0.43"
"Amir Coffey","17.02","SF/PF","LAC","MEM","23.2","3,500","4.86","-0.48"
"Sam Merrill","16.99","SG","CLE","UTA","23.9","3,500","4.85","-0.51"
"Marvin Bagley III","16.94","C","WAS","OKC","16.6","3,000","5.65","1.94"
"Mason Plumlee","16.81","C","PHX","DEN","17.9","4,000","4.20","-3.19"
"Donovan Clingan","16.69","C","POR","DAL","16.4","4,000","4.17","-3.31"
"Tyrese Martin","16.59","SG/SF","BKN","MIA","21.9","3,600","4.61","-1.41"
"Matas Buzelis","16.55","SF/PF","CHI","MIL","18.6","3,500","4.73","-0.95"
"Stephon Castle","16.44","PG/SG","SAS","PHI","20.9","4,500","3.65","-6.06"
"Naji Marshall","16.43","SF/PF","DAL","POR","18.3","4,900","3.35","-8.07"
"Georges Niang","16.40","SF/PF","CLE","UTA","21.5","4,400","3.73","-5.60"
"Josh Green","16.36","SF/PF","CHA","HOU","29.1","4,700","3.48","-7.14"
"Cam Whitmore","16.24","SF/PF","HOU","CHA","16.4","3,000","5.41","1.24"
"Svi Mykhailiuk","16.18","SG/SF","UTA","CLE","21.5","3,300","4.90","-0.32"
"Nikola Jovic","16.17","PF/C","MIA","BKN","18.4","3,300","4.90","-0.33"
"Julian Strawther","16.07","SG/SF","DEN","PHX","23.6","4,000","4.02","-3.93"
"Mo Bamba","16.07","C","LAC","MEM","15.1","3,100","5.18","0.57"
"Guerschon Yabusele","16.00","PF/C","PHI","SAS","18.9","4,700","3.40","-7.50"
"Tim Hardaway Jr.","15.99","SG/SF","DET","LAL","27.6","4,000","4.00","-4.01"
"Tidjane Salaun","15.98","PF","CHA","HOU","21.5","4,600","3.47","-7.02"
"Ausar Thompson","15.92","SF/PF","DET","LAL","16.5","4,400","3.62","-6.08"
"Max Christie","15.85","SG/SF","LAL","DET","26.0","3,900","4.06","-3.65"
"Harrison Barnes","15.83","SF/PF","SAS","PHI","24.9","4,100","3.86","-4.67"
"Charles Bassey","15.76","C","SAS","PHI","14.7","4,100","3.84","-4.74"
"Max Strus","15.54","SG/SF","CLE","UTA","18.7","4,900","3.17","-8.96"
"Trevelin Queen","15.32","PG","ORL","BOS","18.5","3,300","4.64","-1.18"
"Julian Champagnie","15.11","SG/SF","SAS","PHI","20.9","4,700","3.22","-8.39"
"Brandin Podziemski","15.10","PG/SG","GSW","IND","18.2","4,200","3.60","-5.90"
"Paul Reed","14.99","C","DET","LAL","14.9","3,500","4.28","-2.51"
"Ryan Dunn","14.96","PF","PHX","DEN","21.4","3,600","4.16","-3.04"
"Isaiah Joe","14.93","SG/SF","OKC","WAS","18.0","3,300","4.52","-1.57"
"Haywood Highsmith","14.91","SF/PF","MIA","BKN","23.2","3,400","4.39","-2.09"
"Isaiah Collier","14.48","PG","UTA","CLE","17.9","3,000","4.83","-0.52"
"Delon Wright","14.17","PG","MIL","CHI","17.8","3,400","4.17","-2.83"
"Spencer Dinwiddie","13.99","PG","DAL","POR","18.2","5,000","2.80","-11.01"
"Andre Drummond","13.85","C","PHI","SAS","13.0","5,600","2.47","-14.15"
"Jae'Sean Tate","13.74","SF/PF","HOU","CHA","16.8","3,000","4.58","-1.26"
"Dalano Banton","13.72","PG/SG","POR","DAL","13.0","3,900","3.52","-5.78"
"Ja'Kobe Walter","13.71","SG/SF","TOR","NYK","19.8","4,300","3.19","-7.79"
"Monte Morris","13.35","PG","PHX","DEN","16.0","3,200","4.17","-2.65"
"Quentin Grimes","13.33","SG/SF","DAL","POR","18.0","4,500","2.96","-9.17"
"Kevin Love","13.30","C","MIA","BKN","9.9","3,200","4.15","-2.70"
"Aaron Wiggins","13.30","SF/PF","OKC","WAS","13.7","3,100","4.29","-2.20"
"Chris Boucher","12.90","PF","TOR","NYK","13.4","4,000","3.22","-7.10"
"Peyton Watson","12.83","PF","DEN","PHX","18.2","4,100","3.13","-7.67"
"Jaylin Williams","12.82","C","OKC","WAS","12.9","3,000","4.27","-2.18"
"Drew Eubanks","12.68","C","UTA","CLE","13.9","3,000","4.23","-2.32"
"Nicolas Batum","12.45","PF/C","LAC","MEM","19.7","3,200","3.89","-3.55"
"Luke Kennard","12.06","SG/SF","MEM","LAC","17.4","3,500","3.45","-5.44"
"Pelle Larsson","12.06","SF","MIA","BKN","19.5","3,100","3.89","-3.44"
"Aaron Holiday","12.02","PG","HOU","CHA","15.9","3,300","3.64","-4.48"
"Kenrich Williams","11.94","PF/C","OKC","WAS","13.8","3,200","3.73","-4.06"
"Brice Sensabaugh","11.90","SF/PF","UTA","CLE","15.4","3,200","3.72","-4.10"
"Ajay Mitchell","11.86","PG","OKC","WAS","14.5","3,000","3.95","-3.14"
"Cameron Payne","11.76","PG/SG","NYK","TOR","12.3","3,000","3.92","-3.24"
"Sam Hauser","11.67","SF/PF","BOS","ORL","17.5","4,000","2.92","-8.33"
"KJ Martin","11.67","PF","PHI","SAS","22.6","4,000","2.92","-8.33"
"Vit Krejci","11.33","PG/SG","ATL","MIN","18.5","3,300","3.43","-5.17"
"Vasilije Micic","10.99","PG","CHA","HOU","16.0","4,500","2.44","-11.51"
"Josh Okogie","10.82","SF","PHX","DEN","13.6","3,000","3.61","-4.18"
"Jarace Walker","10.34","SF/PF","IND","GSW","12.2","3,500","2.95","-7.16"
"Thomas Bryant","10.22","C","IND","GSW","10.3","3,000","3.41","-4.78"
"Simone Fontecchio","10.05","PF","DET","LAL","14.5","3,300","3.05","-6.45"
"Ben Sheppard","9.87","SG/SF","IND","GSW","16.9","4,300","2.30","-11.63"
"DeAndre Jordan","9.80","C","DEN","PHX","10.6","3,100","3.16","-5.70"
"Garrison Mathews","9.69","SG/SF","ATL","MIN","15.3","3,000","3.23","-5.31"
"Dalen Terry","9.59","SF","CHI","MIL","13.5","3,000","3.20","-5.41"
"Tre Jones","9.57","PG","SAS","PHI","13.0","3,200","2.99","-6.43"
"Dalton Knecht","9.55","SG/SF","LAL","DET","12.2","4,000","2.39","-10.45"
"Jamal Shead","9.21","PG","TOR","NYK","12.5","3,800","2.42","-9.79"
"Jared Butler","9.17","PG","WAS","OKC","9.3","3,000","3.06","-5.83"
"Isaiah Wong","9.07","PG/SG","CHA","HOU","14.0","3,500","2.59","-8.43"
"DaQuan Jeffries","8.93","PF","CHA","HOU","12.0","3,400","2.63","-8.07"
"Seth Curry","8.38","SG","CHA","HOU","13.5","3,000","2.79","-6.62"
"Ronald Holland II","8.27","SF","DET","LAL","14.0","3,200","2.58","-7.73"
"Jett Howard","8.22","SF/PF","ORL","BOS","11.1","3,000","2.74","-6.78"
"Julian Phillips","8.01","PF","CHI","MIL","12.0","3,200","2.50","-7.99"
"Steven Adams","8.01","C","HOU","CHA","8.8","3,200","2.50","-7.99"
"Moses Moody","8.00","PG/SG","GSW","IND","10.1","3,000","2.67","-7.00"
"Hunter Tyson","7.72","SF/PF","DEN","PHX","13.1","3,000","2.57","-7.28"
"Reed Sheppard","7.71","PG/SG","HOU","CHA","10.8","3,100","2.49","-7.79"
"Cam Reddish","7.60","SF/PF","LAL","DET","16.0","3,400","2.23","-9.40"
"Jaylon Tyson","7.53","SG/SF","CLE","UTA","8.3","3,200","2.35","-8.47"
"Gabe Vincent","7.44","PG/SG","LAL","DET","16.8","3,500","2.13","-10.06"
"Johnny Juzang","7.41","SG/SF","UTA","CLE","11.1","3,100","2.39","-8.09"
"Maxi Kleber","6.65","PF/C","DAL","POR","12.0","3,200","2.08","-9.35"
"Kyle Lowry","6.58","PG/SG","PHI","SAS","10.3","3,300","1.99","-9.92"
"Jabari Walker","6.39","PF/C","POR","DAL","8.3","3,000","2.13","-8.61"
"Jalen Pickett","6.22","PG/SG","DEN","PHX","9.2","3,000","2.07","-8.78"
"Ricky Council IV","6.08","SG/SF","PHI","SAS","8.7","3,700","1.64","-12.42"
"Jamison Battle","6.07","SF","TOR","NYK","9.7","3,000","2.02","-8.93"
"Richaun Holmes","5.81","C","WAS","OKC","6.3","3,000","1.94","-9.19"
"Oso Ighodaro","5.49","PF/C","PHX","DEN","7.3","3,000","1.83","-9.51"
"Kel'el Ware","5.43","C","MIA","BKN","7.0","3,000","1.81","-9.57"
"Patrick Baldwin Jr.","5.35","PF","WAS","OKC","6.8","3,000","1.78","-9.65"
"Christian Koloko","5.33","C","LAL","DET","7.4","3,000","1.78","-9.67"
"Kyle Anderson","5.04","SF/PF","GSW","IND","5.5","3,200","1.58","-10.96"
"Anthony Gill","5.00","C","WAS","OKC","7.5","3,000","1.67","-10.00"
"Jevon Carter","4.81","PG/SG","CHI","MIL","6.6","3,000","1.60","-10.19"
"Lindy Waters III","4.59","SG/SF","GSW","IND","6.4","3,000","1.53","-10.41"
"Josh Christopher","4.13","PG","MIA","BKN","5.0","3,000","1.38","-10.87"
"Josh Minott","4.07","SF","MIN","ATL","4.3","3,000","1.36","-10.93"
"Davion Mitchell","4.05","PG/SG","TOR","NYK","6.3","4,000","1.01","-15.95"
"Jordan Miller","4.01","SG/SF","LAC","MEM","5.4","3,000","1.34","-10.99"
"Damion Lee","3.97","SG","PHX","DEN","5.3","3,000","1.32","-11.03"
"Caleb Houstan","3.95","SF/PF","ORL","BOS","7.2","3,000","1.32","-11.05"
"Rob Dillingham","3.68","PG","MIN","ATL","4.8","3,000","1.23","-11.32"
"Alec Burks","3.55","PG/SG","MIA","BKN","5.0","3,000","1.18","-11.45"
"Cody Williams","3.51","SF","UTA","CLE","6.4","3,000","1.17","-11.49"
"Tristan Vukcevic","3.50","C","WAS","OKC","3.6","3,000","1.17","-11.50"
"Jericho Sims","3.15","C","NYK","TOR","4.9","3,000","1.05","-11.85"
"Johnny Davis","3.01","SG/SF","WAS","OKC","5.4","3,000","1.00","-11.99"
"Ousmane Dieng","2.87","C","OKC","WAS","3.6","3,000","0.96","-12.13"
"Dillon Jones","2.65","PF","OKC","WAS","3.6","3,000","0.88","-12.35"
"Luke Kornet","2.64","C","BOS","ORL","3.3","3,700","0.71","-15.86"
"Kai Jones","2.64","PF/C","LAC","MEM","3.4","3,000","0.88","-12.36"
"Jock Landale","2.63","C","HOU","CHA","2.9","3,000","0.88","-12.37"
"Moussa Diabate","2.58","C","CHA","HOU","3.0","3,300","0.78","-13.92"
"Cory Joseph","2.44","PG","ORL","BOS","3.3","3,200","0.76","-13.56"
"Dariq Whitehead","2.29","SG","BKN","MIA","3.5","3,000","0.76","-12.71"
"Pat Connaughton","2.23","SF/PF","MIL","CHI","2.7","3,000","0.74","-12.77"
"Olivier-Maxence Prosper","2.08","SF/PF","DAL","POR","2.6","3,000","0.69","-12.92"
"Reece Beekman","2.00","PG","BKN","MIA","3.0","3,000","0.67","-13.00"
"Duop Reath","1.99","C","POR","DAL","2.6","3,000","0.66","-13.01"
"Dwight Powell","1.93","C","DAL","POR","2.6","3,000","0.64","-13.07"
"Kessler Edwards","1.80","SG/SF","DAL","POR","2.6","3,000","0.60","-13.20"
"Bones Hyland","1.71","PG","LAC","MEM","1.6","3,000","0.57","-13.29"
"Kris Murray","1.70","SF","POR","DAL","2.6","3,000","0.57","-13.30"
"Marjon Beauchamp","1.67","PG/SF","MIL","CHI","1.7","3,000","0.56","-13.33"
"Tristan Thompson","1.57","C","CLE","UTA","1.6","3,000","0.52","-13.43"
"Bruno Fernando","1.54","C","TOR","NYK","1.5","4,200","0.37","-19.46"
"Rayan Rupert","1.50","SG/SF","POR","DAL","2.6","3,000","0.50","-13.50"
"Craig Porter Jr.","1.34","PG","CLE","UTA","1.6","3,000","0.45","-13.66"
"James Johnson","1.32","PF/C","IND","GSW","1.5","3,000","0.44","-13.68"
"Pat Spencer","1.31","PG","GSW","IND","1.5","3,000","0.44","-13.69"
"Dario Saric","1.27","C","DEN","PHX","1.5","3,000","0.42","-13.73"
"Jeff Green","1.26","PF/C","HOU","CHA","1.9","3,000","0.42","-13.74"
"Gui Santos","1.23","SG","GSW","IND","1.5","3,000","0.41","-13.77"
"Marcus Sasser","1.22","PG","DET","LAL","1.6","3,000","0.41","-13.78"
"Wendell Moore Jr.","1.18","PG/SG","DET","LAL","1.6","3,000","0.39","-13.82"
"John Konchar","1.15","SG/SF","MEM","LAC","1.6","3,200","0.36","-14.85"
"Jaden Springer","1.14","SG/SF","BOS","ORL","1.4","3,000","0.38","-13.86"
"Cam Christie","1.14","SG","LAC","MEM","1.6","3,000","0.38","-13.86"
"JT Thor","1.12","PF","CLE","UTA","1.6","3,000","0.37","-13.88"
"Zeke Nnaji","1.12","C","DEN","PHX","1.5","3,000","0.37","-13.88"
"Quinten Post","1.12","C","GSW","IND","1.5","3,000","0.37","-13.88"
"Ariel Hukporti","1.11","C","NYK","TOR","1.5","3,000","0.37","-13.89"
"Cam Spencer","1.10","SG","MEM","LAC","1.6","3,000","0.37","-13.90"
"Tyler Kolek","1.10","PG","NYK","TOR","1.5","3,000","0.37","-13.90"
"JD Davison","1.07","PG","BOS","ORL","1.4","3,000","0.36","-13.93"
"Quincy Olivari","1.06","PG","LAL","DET","1.6","3,000","0.35","-13.94"
"Johnny Furphy","1.04","SG/SF","IND","GSW","1.5","3,000","0.35","-13.96"
"Pacome Dadiet","1.04","SG/SF","NYK","TOR","1.5","3,000","0.35","-13.96"
"Jordan Walsh","0.96","SG/SF","BOS","ORL","1.4","3,000","0.32","-14.04"
"Bobi Klintman","0.94","PF","DET","LAL","1.6","3,000","0.31","-14.06"
"Armel Traore","0.93","PF/C","LAL","DET","1.6","3,000","0.31","-14.07"
"Jacob Toppin","0.91","SF/PF","NYK","TOR","1.5","3,000","0.30","-14.09"
"Trey Alexander","0.89","PG/SG","DEN","PHX","1.5","3,000","0.30","-14.11"
"Matt Ryan","0.88","SG/SF","NYK","TOR","1.5","3,000","0.29","-14.12"
"AJ Lawson","0.86","PG","TOR","NYK","1.5","3,000","0.29","-14.14"
"Sandro Mamukelashvili","0.80","PF/C","SAS","PHI","0.9","3,000","0.27","-14.20"
"Nate Williams","0.77","PG/SF","HOU","CHA","1.0","3,000","0.26","-14.23"
"KJ Simpson","0.75","PG","CHA","HOU","1.0","3,000","0.25","-14.25"
"Jack McVeigh","0.75","SG","HOU","CHA","1.0","3,000","0.25","-14.25"
"Mouhamed Gueye","0.74","C","ATL","MIN","1.0","3,000","0.25","-14.26"
"Baylor Scheierman","0.74","SG/SF","BOS","ORL","1.4","3,000","0.25","-14.26"
"PJ Dozier","0.70","PF","MIN","ATL","0.8","3,000","0.23","-14.30"
"Leonard Miller","0.70","PF/C","MIN","ATL","0.8","3,000","0.23","-14.30"
"Stanley Umude","0.69","SG","MIL","CHI","0.8","3,000","0.23","-14.31"
"Reggie Jackson","0.67","PG","PHI","SAS","0.9","3,000","0.22","-14.33"
"Nick Smith Jr.","0.66","SG/SF","CHA","HOU","1.0","3,000","0.22","-14.34"
"Tyler Smith","0.64","PF","MIL","CHI","0.8","3,000","0.21","-14.36"
"Malaki Branham","0.63","PG/SG","SAS","PHI","0.9","3,000","0.21","-14.37"
"David Roddy","0.62","PF","ATL","MIN","0.8","3,200","0.20","-15.38"
"Chris Duarte","0.62","SG","CHI","MIL","0.8","3,000","0.21","-14.38"
"Blake Wesley","0.60","PG/SG","SAS","PHI","0.9","3,000","0.20","-14.40"
"Keaton Wallace","0.59","PG","ATL","MIN","0.8","3,500","0.17","-16.91"
"Jeff Dowtin","0.59","PG","PHI","SAS","0.9","3,000","0.20","-14.41"
"Sidy Cissoko","0.59","SG","SAS","PHI","0.9","3,000","0.20","-14.41"
"Adem Bona","0.55","C","PHI","SAS","0.9","3,000","0.18","-14.45"
"Eric Gordon","0.51","SG/SF","PHI","SAS","0.9","3,100","0.16","-14.99"
"Kobe Bufkin","0.00","PG","ATL","MIN","0.0","3,000","0.00","-15.00"
"Bogdan Bogdanovic","0.00","SG/SF","ATL","MIN","0.0","4,800","0.00","-24.00"
"Dominick Barlow","0.00","C","ATL","MIN","0.0","3,000","0.00","-15.00"
"De'Anthony Melton","0.00","PG","BKN","MIA","0.0","3,000","0.00","-15.00"
"Cam Thomas","0.00","SG/SF","BKN","MIA","0.0","6,900","0.00","-34.50"
"Bojan Bogdanovic","0.00","SG","BKN","MIA","0.0","3,800","0.00","-19.00"
"Dorian Finney-Smith","0.00","PF","BKN","MIA","0.0","4,900","0.00","-24.50"
"Xavier Tillman","0.00","PF/C","BOS","ORL","0.0","3,000","0.00","-15.00"
"Neemias Queta","0.00","C","BOS","ORL","0.0","3,300","0.00","-16.50"
"Brandon Miller","0.00","SG/SF","CHA","HOU","0.0","8,800","0.00","-44.00"
"Torrey Craig","0.00","PF","CHI","MIL","0.0","3,000","0.00","-15.00"
"Lonzo Ball","0.00","PG/SG","CHI","MIL","0.0","3,900","0.00","-19.50"
"Josh Giddey","0.00","PG","CHI","MIL","0.0","6,800","0.00","-34.00"
"Isaac Okoro","0.00","SF/PF","CLE","UTA","0.0","4,000","0.00","-20.00"
"Dean Wade","0.00","SF/PF","CLE","UTA","0.0","3,700","0.00","-18.50"
"Markieff Morris","0.00","PF/C","DAL","POR","0.0","3,000","0.00","-15.00"
"Jazian Gortman","0.00","PG","DAL","POR","0.0","3,000","0.00","-15.00"
"Jamal Murray","0.00","PG/SG","DEN","PHX","0.0","7,000","0.00","-35.00"
"DaRon Holmes II","0.00","C","DEN","PHX","0.0","3,000","0.00","-15.00"
"Daniss Jenkins","0.00","PG","DET","LAL","0.0","3,000","0.00","-15.00"
"Isaiah Stewart","0.00","C","DET","LAL","0.0","3,600","0.00","-18.00"
"Dillon Brooks","0.00","SF","HOU","CHA","0.0","5,000","0.00","-25.00"
"Quenton Jackson","0.00","PG/SG","IND","GSW","0.0","3,000","0.00","-15.00"
"Tristen Newton","0.00","PG","IND","GSW","0.0","3,000","0.00","-15.00"
"Enrique Freeman","0.00","PF/C","IND","GSW","0.0","3,000","0.00","-15.00"
"Kawhi Leonard","0.00","PF/C","LAC","MEM","0.0","7,900","0.00","-39.50"
"Kobe Brown","0.00","PF/C","LAC","MEM","0.0","3,000","0.00","-15.00"
"Jalen Hood-Schifino","0.00","PG/SG","LAL","DET","0.0","3,000","0.00","-15.00"
"Jarred Vanderbilt","0.00","PF/C","LAL","DET","0.0","3,800","0.00","-19.00"
"Jaxson Hayes","0.00","C","LAL","DET","0.0","4,500","0.00","-22.50"
"Yuki Kawamura","0.00","PG","MEM","LAC","0.0","3,000","0.00","-15.00"
"Marcus Smart","0.00","PG/SG","MEM","LAC","0.0","4,100","0.00","-20.50"
"Vince Williams Jr.","0.00","PF","MEM","LAC","0.0","3,900","0.00","-19.50"
"Terry Rozier","0.00","PG/SG","MIA","BKN","0.0","4,900","0.00","-24.50"
"Josh Richardson","0.00","PG","MIA","BKN","0.0","3,000","0.00","-15.00"
"Jimmy Butler","0.00","SF/PF","MIA","BKN","0.0","8,000","0.00","-40.00"
"Damian Lillard","0.00","PG","MIL","CHI","0.0","9,000","0.00","-45.00"
"Giannis Antetokounmpo","0.00","PF/C","MIL","CHI","0.0","11,300","0.00","-56.50"
"Daishen Nix","0.00","PG","MIN","ATL","0.0","3,000","0.00","-15.00"
"Joe Ingles","0.00","PF","MIN","ATL","0.0","3,000","0.00","-15.00"
"Luka Garza","0.00","C","MIN","ATL","0.0","3,000","0.00","-15.00"
"Nikola Topic","0.00","PG","OKC","WAS","0.0","3,000","0.00","-15.00"
"Chet Holmgren","0.00","PF","OKC","WAS","0.0","7,800","0.00","-39.00"
"Gary Harris","0.00","SG/SF","ORL","BOS","0.0","3,400","0.00","-17.00"
"Franz Wagner","0.00","PF","ORL","BOS","0.0","9,500","0.00","-47.50"
"Paolo Banchero","0.00","PF","ORL","BOS","0.0","9,300","0.00","-46.50"
"Jared McCain","0.00","PG","PHI","SAS","0.0","3,000","0.00","-15.00"
"Collin Gillespie","0.00","PG","PHX","DEN","0.0","3,000","0.00","-15.00"
"Devin Booker","0.00","PG/SG","PHX","DEN","0.0","9,200","0.00","-46.00"
"Grayson Allen","0.00","SG","PHX","DEN","0.0","5,000","0.00","-25.00"
"Bol Bol","0.00","PF/C","PHX","DEN","0.0","3,000","0.00","-15.00"
"Matisse Thybulle","0.00","PF","POR","DAL","0.0","3,000","0.00","-15.00"
"Robert Williams","0.00","PF/C","POR","DAL","0.0","4,200","0.00","-21.00"
"Zach Collins","0.00","C","SAS","PHI","0.0","3,600","0.00","-18.00"
"Garrett Temple","0.00","SG","TOR","NYK","0.0","3,000","0.00","-15.00"
"Immanuel Quickley","0.00","PG","TOR","NYK","0.0","6,400","0.00","-32.00"
"Patty Mills","0.00","PG","UTA","CLE","0.0","3,000","0.00","-15.00"
"Keyonte George","0.00","PG","UTA","CLE","0.0","6,000","0.00","-30.00"
"John Collins","0.00","PF/C","UTA","CLE","0.0","6,900","0.00","-34.50"
"Alexandre Sarr","0.00","PF/C","WAS","OKC","0.0","5,400","0.00","-27.00"
"Onyeka Okongwu","0.00","C","ATL","MIN","0.0","4,400","0.00","-22.00"
"Drew Peterson","0.00","PF","BOS","ORL","0.0","3,000","0.00","-15.00"
"Ziaire Williams","0.00","SG/SF","BKN","MIA","0.0","5,100","0.00","-25.50"
"Trendon Watford","0.00","PF","BKN","MIA","0.0","4,300","0.00","-21.50"
"Taj Gibson","0.00","C","CHA","HOU","0.0","3,000","0.00","-15.00"
"Tre Mann","0.00","PG","CHA","HOU","0.0","4,100","0.00","-20.50"
"Adama Sanogo","0.00","C","CHI","MIL","0.0","3,000","0.00","-15.00"
"Luke Travers","0.00","SF","CLE","UTA","0.0","3,000","0.00","-15.00"
"Jaden Hardy","0.00","PG/SG","DAL","POR","0.0","3,800","0.00","-19.00"
"Dante Exum","0.00","SF","DAL","POR","0.0","3,000","0.00","-15.00"
"Brandon Williams","0.00","PG","DAL","POR","0.0","3,000","0.00","-15.00"
"Vlatko Cancar","0.00","C","DEN","PHX","0.0","3,000","0.00","-15.00"
"Alondes Williams","0.00","PG/SG","DET","LAL","0.0","3,000","0.00","-15.00"
"Gary Payton II","0.00","SF","GSW","IND","0.0","3,300","0.00","-16.50"
"Tari Eason","0.00","SF/PF","HOU","CHA","0.0","4,800","0.00","-24.00"
"Aaron Nesmith","0.00","SF/PF","IND","GSW","0.0","4,000","0.00","-20.00"
"Isaiah Jackson","0.00","C","IND","GSW","0.0","3,000","0.00","-15.00"
"P.J. Tucker","0.00","PF","LAC","MEM","0.0","3,000","0.00","-15.00"
"Terance Mann","0.00","SG/SF","LAC","MEM","0.0","3,400","0.00","-17.00"
"Christian Wood","0.00","C","LAL","DET","0.0","3,700","0.00","-18.50"
"Bronny James","0.00","PG/SG","LAL","DET","0.0","3,000","0.00","-15.00"
"Maxwell Lewis","0.00","PF","LAL","DET","0.0","3,000","0.00","-15.00"
"Jay Huff","0.00","C","MEM","LAC","0.0","3,000","0.00","-15.00"
"Gregory Jackson","0.00","PF","MEM","LAC","0.0","3,000","0.00","-15.00"
"AJ Johnson","0.00","SG","MIL","CHI","0.0","3,000","0.00","-15.00"
"Chris Livingston","0.00","SF","MIL","CHI","0.0","3,000","0.00","-15.00"
"Mitchell Robinson","0.00","C","NYK","TOR","0.0","3,900","0.00","-19.50"
"Adam Flagler","0.00","PG","OKC","WAS","0.0","3,000","0.00","-15.00"
"Moritz Wagner","0.00","C","ORL","BOS","0.0","4,700","0.00","-23.50"
"Mac McClung","0.00","PG","ORL","BOS","0.0","3,000","0.00","-15.00"
"Justin Edwards","0.00","SF","PHI","SAS","0.0","3,000","0.00","-15.00"
"TyTy Washington Jr.","0.00","PG","PHX","DEN","0.0","3,000","0.00","-15.00"
"Justin Minaya","0.00","PF","POR","DAL","0.0","3,000","0.00","-15.00"
"Bryce McGowens","0.00","SG","POR","DAL","0.0","3,000","0.00","-15.00"
"Riley Minix","0.00","PF","SAS","PHI","0.0","3,000","0.00","-15.00"
"David Duke Jr.","0.00","SG","SAS","PHI","0.0","3,000","0.00","-15.00"
"Harrison Ingram","0.00","PF","SAS","PHI","0.0","3,000","0.00","-15.00"
"Bruce Brown","0.00","SG/SF","TOR","NYK","0.0","4,400","0.00","-22.00"
"Jakob Poeltl","0.00","C","TOR","NYK","0.0","7,400","0.00","-37.00"
"Taylor Hendricks","0.00","PF","UTA","CLE","0.0","3,000","0.00","-15.00"
"Oscar Tshiebwe","0.00","C","UTA","CLE","0.0","3,000","0.00","-15.00"
"Bilal Coulibaly","0.00","SF","WAS","OKC","0.0","6,200","0.00","-31.00"
"Kyle Kuzma","0.00","PF","WAS","OKC","0.0","6,500","0.00","-32.50"
